Ano;Semestre;CodConcelho;Concelho;Potencia de Ligacao (kW);Processos Concluidos (#)
2022;2;1418;Tomar;625.68;155.0
2022;2;409;Torre de Moncorvo;112.32;18.0
2022;2;1419;Torres Novas;393.07000000000005;210.0
2022;2;1315;Valongo;1219.27;236.0
2022;2;713;Viana do Alentejo;160.64;17.0
2022;2;214;Vidigueira;32.93;16.0
2022;2;1114;Vila Franca de Xira;1751.6899999999996;126.0
2022;2;816;Vila Real de Santo António;303.99;45.0
2022;2;511;Vila Velha de Rodão;84.74;39.0
2022;2;313;Vila Verde;1183.33;245.0
2022;2;714;Vila Viçosa;23.7;11.0
2022;2;510;Vila de Rei;6.5;3.0
2022;2;815;Vila do Bispo;100.95000000000002;15.0
2022;2;412;Vinhais;121.04999999999998;24.0
2022;2;1823;Viseu;1466.35;437.0
2022;2;705;Évora;604.5600000000001;144.0
2022;2;110;Ílhavo;2327.7599999999998;139.0
2023;1;1702;Boticas;109.78;28.0
2023;1;303;Braga;2600.72;976.0
2023;1;1007;Castanheira de Pêra;9.53;7.0
2023;1;1205;Castelo de Vide;19.439999999999998;11.0
2023;1;1408;Constância;865.2700000000001;29.0
2023;1;1409;Coruche;269.15999999999997;86.0
2023;1;1207;Elvas;216.87;48.0
2023;1;306;Esposende;413.03000000000003;224.0
2023;1;108;Estarreja;467.20000000000005;113.0
2023;1;805;Faro;732.9300000000001;261.0
2023;1;1303;Felgueiras;1220.95;310.0
2023;1;208;Ferreira do Alentejo;150.35;27.0
2023;1;605;Figueira da Foz;1570.33;257.0
2023;1;1603;Melgaço;103.28;31.0
2024;1;405;Macedo de Cavaleiros;198.88;43.0
2024;1;1109;Mafra;1180.1699999999998;240.0
2024;1;908;Manteigas;0.0;1.0
2024;1;1307;Marco de Canaveses;755.0;171.0
2024;1;1010;Marinha Grande;1012.76;119.0
2024;1;1210;Marvão;13.040000000000001;4.0
2024;1;1308;Matosinhos;1968.7999999999997;170.0
2024;1;1413;Mação;343.85;30.0
2024;1;1704;Mesão Frio;7.21;5.0
2024;1;608;Mira;389.34999999999997;41.0
2024;1;609;Miranda do Corvo;167.85999999999999;41.0
2024;1;1807;Moimenta da Beira;181.11;45.0
2024;1;1506;Moita;291.66;76.0
2024;1;1705;Mondim de Basto;71.00999999999999;25.0
2024;1;1706;Montalegre;103.64;33.0
2024;1;1507;Montijo;929.79;95.0
2024;1;708;Mourão;77.34;15.0
2024;1;112;Murtosa;120.25999999999999;24.0
2024;1;209;Mértola;23.770000000000003;11.0
2024;1;1212;Nisa;111.08;21.0
2024;1;1110;Oeiras;2143.4;150.0
2024;1;810;Olhão;334.75;85.0
2024;1;113;Oliveira de Azeméis;1155.44;207.0
2024;1;1810;Oliveira de Frades;810.13;44.0
2024;1;115;Ovar;1706.62;129.0
2024;1;1811;Penalva do Castelo;106.82;30.0
2024;1;1812;Penedono;55.370000000000005;16.0
2024;1;614;Penela;61.97;14.0
2024;1;1014;Peniche;689.8599999999999;61.0
2024;1;910;Pinhel;153.68;13.0
2024;1;811;Portimão;806.1800000000001;101.0
2024;1;309;Póvoa de Lanhoso;434.31;81.0
2024;1;1414;Rio Maior;1032.58;93.0
2024;1;1711;Santa Marta de Penaguião;36.169999999999995;22.0
2024;1;1416;Santarém;2344.89;193.0
2024;1;1314;Santo Tirso;862.0699999999999;171.0
2024;1;509;Sertã;158.74;45.0
2024;1;117;Sever do Vouga;265.01;53.0
2024;1;1513;Sines;408.78999999999996;31.0
2024;1;1112;Sobral de Monte Agraço;631.42;15.0
2024;1;812;São Brás de Alportel;261.15;51.0
2024;1;1816;São Pedro do Sul;186.14;93.0
2024;1;814;Tavira;373.84999999999997;71.0
2024;1;310;Terras do Bouro;49.71000000000001;21.0
2024;1;1821;Tondela;665.7;86.0
2024;1;409;Torre de Moncorvo;51.43000000000001;19.0
2024;1;1318;Trofa;723.54;79.0
2024;1;616;Tábua;734.34;46.0
2024;1;713;Viana do Alentejo;468.29;37.0
2024;1;1609;Viana do Castelo;2050.66;224.0
2024;1;1114;Vila Franca de Xira;400.32000000000005;84.0
2024;1;1420;Vila Nova da Barquinha;45.28;31.0
2024;1;1610;Vila Nova de Cerveira;58.94;18.0
2024;1;1714;Vila Real;690.6600000000001;184.0
2024;1;313;Vila Verde;564.1100000000001;157.0
2024;1;411;Vimioso;97.17;12.0
2024;1;1823;Viseu;1584.96;326.0
2024;1;314;Vizela;525.8299999999999;85.0
2024;1;110;Ílhavo;981.93;91.0
2021;2;615;Soure;72.75000000000001;55.0
2021;2;812;São Brás de Alportel;162.84000000000003;48.0
2021;2;814;Tavira;142.73;47.0
2021;2;913;Trancoso;64.55000000000001;21.0
2021;2;616;Tábua;56.50000000000001;33.0
2021;2;1608;Valença;20.73;16.0
2021;2;1712;Valpaços;139.63;60.0
2021;2;214;Vidigueira;5.27;9.0
2021;2;1420;Vila Nova da Barquinha;36.47;33.0
2022;1;802;Alcoutim;2.1;2.0
2022;1;1501;Alcácer do Sal;65.08;29.0
2022;1;1101;Alenquer;1217.22;134.0
2022;1;1701;Alijó;60.61;22.0
2022;1;1503;Almada;1158.6599999999999;438.0
2022;1;902;Almeida;102.79;18.0
2022;1;301;Amares;181.56;79.0
2022;1;1203;Avis;23.439999999999998;12.0
2022;1;1004;Batalha;376.29999999999995;89.0
2022;1;703;Borba;79.55;16.0
2022;1;303;Braga;2422.74;508.0
2022;1;402;Bragança;555.52;151.0
2022;1;304;Cabeceiras de Basto;83.58999999999999;37.0
2022;1;1006;Caldas da Rainha;432.91;128.0
2022;1;602;Cantanhede;703.59;145.0
2022;1;1406;Cartaxo;300.39000000000004;72.0
2022;1;1205;Castelo de Vide;36.55;21.0
2022;1;1803;Castro Daire;146.1;54.0
2022;1;1703;Chaves;610.45;153.0
2022;1;1408;Constância;20.450000000000003;14.0
2022;1;503;Covilhã;1331.1199999999994;119.0
2022;1;1206;Crato;30.810000000000002;15.0
2022;1;306;Esposende;294.87;139.0
2022;1;805;Faro;474.62;119.0
2022;1;1303;Felgueiras;1471.7799999999997;228.0
2022;1;904;Figueira de Castelo Rodrigo;124.98;13.0
2022;1;1008;Figueiró dos Vinhos;32.03;17.0
2022;1;606;Góis;27.779999999999998;20.0
2022;1;806;Lagoa (Algarve);336.2099999999999;80.0
2022;1;1704;Mesão Frio;7.75;4.0
2022;1;1506;Moita;408.58000000000004;133.0
2022;1;1507;Montijo;646.12;98.0
2022;1;1013;Pedrogão Grande;28.82;14.0
2022;1;1811;Penalva do Castelo;26.54;16.0
2022;1;614;Penela;175.26000000000002;37.0
2022;1;1606;Ponte da Barca;26.549999999999997;19.0
2022;1;811;Portimão;559.5500000000001;83.0
2022;1;1312;Porto;773.76;201.0
2022;1;508;Proença-a-Nova;93.58;30.0
2022;1;1313;Póvoa de Varzim;435.84000000000003;145.0
2022;1;710;Redondo;29.65;9.0
2022;1;711;Reguengos de Monsaraz;51.12;29.0
2022;1;1710;Sabrosa;200.44;26.0
2022;1;1814;Santa Comba Dão;176.78999999999996;49.0
2022;1;109;Santa Maria da Feira;3001.07;434.0
2022;1;1711;Santa Marta de Penaguião;29.28;9.0
2022;1;1511;Sesimbra;406.59000000000003;281.0
2022;1;1512;Setúbal;901.4200000000001;388.0
2022;1;813;Silves;232.04999999999998;79.0
2022;1;1513;Sines;63.43000000000001;32.0
2022;1;1112;Sobral de Monte Agraço;294.74;45.0
2022;1;615;Soure;590.4300000000001;74.0
2022;1;1817;Sátão;106.25999999999999;64.0
2022;1;116;São João da Madeira;135.04000000000002;31.0
2022;1;1815;São João da Pesqueira;18.49;13.0
2022;1;1820;Tarouca;32.92;21.0
2022;1;310;Terras do Bouro;32.47;28.0
2022;1;1418;Tomar;653.73;134.0
2022;1;1318;Trofa;1948.98;140.0
2022;1;118;Vagos;275.85;93.0
2022;1;1315;Valongo;690.6400000000001;199.0
2022;1;1609;Viana do Castelo;766.4200000000001;281.0
2022;1;1317;Vila Nova de Gaia;1686.4000000000003;561.0
2022;1;617;Vila Nova de Poiares;34.68;29.0
2022;1;816;Vila Real de Santo António;63.620000000000005;28.0
2022;1;412;Vinhais;26.69;23.0
2022;1;1824;Vouzela;133.77;70.0
2022;1;110;Ílhavo;366.20000000000005;161.0
2022;2;901;Aguiar da Beira;251.58;19.0
2022;2;1502;Alcochete;95.58000000000001;34.0
2022;2;1301;Amarante;523.8799999999999;205.0
2022;2;601;Arganil;96.33999999999999;51.0
2022;2;104;Arouca;377.34000000000003;61.0
2022;2;702;Arraiolos;128.76;37.0
2022;2;1203;Avis;10.74;8.0
2022;2;1302;Baião;108.94;30.0
2022;2;302;Barcelos;3989.76;622.0
2022;2;1405;Benavente;670.4799999999999;116.0
2022;2;1702;Boticas;49.8;26.0
2022;2;403;Carrazeda de Ansiães;53.69;24.0
2022;2;804;Castro Marim;87.52000000000001;50.0
2022;2;1703;Chaves;491.27;192.0
2022;2;1804;Cinfães;55.51;33.0
2022;2;1409;Coruche;290.76;68.0
2022;2;1207;Elvas;197.55;41.0
2022;2;107;Espinho;179.95999999999998;59.0
2022;2;306;Esposende;731.4699999999999;124.0
2022;2;1303;Felgueiras;2268.32;261.0
2022;2;208;Ferreira do Alentejo;548.27;26.0
2022;2;1208;Fronteira;8.33;7.0
2022;2;907;Guarda;619.1600000000001;86.0
2022;2;807;Lagos;429.34;99.0
2022;2;1805;Lamego;293.8200000000001;64.0
2022;2;1009;Leiria;5484.79;661.0
2022;2;1107;Loures;1427.6499999999999;238.0
2022;2;607;Lousã;77.28;44.0
2022;2;405;Macedo de Cavaleiros;89.98;51.0
2022;2;1306;Maia;3359.79;322.0
2022;2;908;Manteigas;41.92;4.0
2022;2;1010;Marinha Grande;1711.88;189.0
2022;2;1308;Matosinhos;1272.2899999999997;267.0
2022;2;111;Mealhada;416.51000000000005;85.0
2022;2;608;Mira;122.19;40.0
2022;2;1807;Moimenta da Beira;85.39;25.0
2022;2;1506;Moita;1266.63;110.0
2022;2;707;Mora;8.25;8.0
2022;2;1707;Murça;54.64;41.0
2022;2;1011;Nazaré;104.19;49.0
2022;2;1212;Nisa;62.07000000000001;26.0
2022;2;211;Odemira;242.25;125.0
2022;2;1110;Oeiras;772.94;202.0
2022;2;810;Olhão;461.72;102.0
2022;2;113;Oliveira de Azeméis;2753.34;185.0
2022;2;1810;Oliveira de Frades;398.21999999999997;64.0
2022;2;114;Oliveira do Bairro;2391.49;147.0
2022;2;611;Oliveira do Hospital;244.1;93.0
2022;2;212;Ourique;47.11;31.0
2022;2;115;Ovar;1218.7;175.0
2022;2;1508;Palmela;758.33;262.0
2022;2;1605;Paredes de Coura;180.86;38.0
2022;2;1309;Paços de Ferreira;865.8500000000001;282.0
2022;2;613;Penacova;326.34000000000003;131.0
2022;2;1606;Ponte da Barca;47.779999999999994;27.0
2022;2;1607;Ponte de Lima;1003.8299999999999;196.0
2022;2;1213;Ponte de Sôr;204.70000000000002;51.0
2022;2;309;Póvoa de Lanhoso;227.64999999999998;128.0
2022;2;710;Redondo;89.71000000000001;12.0
2022;2;711;Reguengos de Monsaraz;91.6;39.0
2022;2;1709;Ribeira de Pena;195.76999999999998;27.0
2022;2;1414;Rio Maior;583.0699999999999;73.0
2022;2;1710;Sabrosa;133.13;36.0
2022;2;1814;Santa Comba Dão;97.32;31.0
2022;2;109;Santa Maria da Feira;4176.799999999999;390.0
2022;2;1711;Santa Marta de Penaguião;31.310000000000002;17.0
2022;2;1417;Sardoal;34.239999999999995;20.0
2022;2;912;Seia;293.42;86.0
2022;2;213;Serpa;352.69;31.0
2022;2;1511;Sesimbra;569.38;294.0
2022;2;1512;Setúbal;1176.2699999999998;375.0
2022;2;117;Sever do Vouga;219.26999999999998;35.0
2022;2;1513;Sines;45.879999999999995;30.0
2022;2;1112;Sobral de Monte Agraço;199.77999999999997;32.0
2022;2;615;Soure;1808.59;109.0
2022;2;1817;Sátão;153.96;61.0
2022;2;1819;Tabuaço;21.119999999999997;9.0
2022;2;312;Vila Nova de Famalicão;4274.11;650.0
2022;2;1317;Vila Nova de Gaia;2510.43;615.0
2022;2;1714;Vila Real;446.23999999999995;198.0
2022;2;1012;Óbidos;730.47;77.0
2023;1;102;Albergaria-a-Velha;421.14000000000004;79.0
2023;1;801;Albufeira;671.69;250.0
2023;1;1502;Alcochete;388.94000000000005;62.0
2023;1;802;Alcoutim;21.94;11.0
2023;1;1501;Alcácer do Sal;416.76;69.0
2023;1;1101;Alenquer;278.87;209.0
2023;1;401;Alfândega da Fé;58.71;15.0
2023;1;803;Aljezur;206.14999999999998;44.0
2023;1;1503;Almada;903.0000000000001;604.0
2023;1;902;Almeida;315.27;55.0
2023;1;1403;Almeirim;696.1099999999999;91.0
2023;1;1404;Alpiarça;65.56;43.0
2023;1;1002;Alvaiázere;56.550000000000004;28.0
2023;1;103;Anadia;384.03;118.0
2023;1;1801;Armamar;113.2;28.0
2023;1;104;Arouca;199.57;103.0
2023;1;702;Arraiolos;314.39;31.0
2023;1;1202;Arronches;14.77;11.0
2023;1;105;Aveiro;994.48;251.0
2023;1;1203;Avis;96.1;14.0
2023;1;1405;Benavente;550.48;131.0
2023;1;1005;Bombarral;611.73;84.0
2023;1;703;Borba;127.03;15.0
2023;1;1602;Caminha;227.61;99.0
2023;1;1105;Cascais;1817.7399999999998;712.0
2023;1;1803;Castro Daire;345.14;59.0
2023;1;804;Castro Marim;100.58;51.0
2023;1;206;Castro Verde;81.22;39.0
2023;1;604;Condeixa-a-Nova;218.14;82.0
2023;1;904;Figueira de Castelo Rodrigo;67.32;20.0
2023;1;1008;Figueiró dos Vinhos;54.019999999999996;29.0
2023;1;404;Freixo de Espada à Cinta;133.05;29.0
2023;1;1208;Fronteira;221.91;14.0
2023;1;1304;Gondomar;722.8100000000001;433.0
2023;1;1505;Grândola;160.92000000000002;74.0
2023;1;907;Guarda;306.61;112.0
2023;1;308;Guimarães;4626.09;1149.0
2023;1;806;Lagoa (Algarve);600.01;127.0
2023;1;808;Loulé;2397.29;425.0
2023;1;1107;Loures;1114.63;327.0
2023;1;1305;Lousada;491.6;217.0
2023;1;1109;Mafra;1382.3000000000002;520.0
2023;1;1306;Maia;1793.6299999999999;359.0
2023;1;1806;Mangualde;297.21000000000004;93.0
2023;1;1210;Marvão;56.58;22.0
2023;1;1413;Mação;122.05999999999999;35.0
2023;1;909;Meda;22.71;10.0
2023;1;608;Mira;194.51;88.0
2023;1;408;Mogadouro;76.16;23.0
2023;1;1506;Moita;321.01;135.0
2023;1;1211;Monforte;25.33;8.0
2023;1;1604;Monção;142.2;58.0
2023;1;209;Mértola;56.010000000000005;30.0
2023;1;211;Odemira;299.51000000000005;102.0
2023;1;114;Oliveira do Bairro;407.59000000000003;108.0
2023;1;212;Ourique;139.6;25.0
2023;1;1311;Penafiel;854.9400000000002;341.0
2023;1;1811;Penalva do Castelo;176.41;34.0
2023;1;1015;Pombal;1528.77;268.0
2023;1;1213;Ponte de Sôr;105.17;48.0
2023;1;1312;Porto;820.13;235.0
2023;1;309;Póvoa de Lanhoso;278.73;136.0
2023;1;711;Reguengos de Monsaraz;121.86999999999999;38.0
2023;1;1415;Salvaterra de Magos;263.7;181.0
2023;1;1814;Santa Comba Dão;156.26999999999998;63.0
2023;1;109;Santa Maria da Feira;3040.7300000000005;446.0
2023;1;1314;Santo Tirso;2375.7699999999995;515.0
2023;1;912;Seia;137.27;63.0
2023;1;1818;Sernancelhe;35.9;20.0
2023;1;1511;Sesimbra;521.25;536.0
2023;1;615;Soure;164.28;73.0
2023;1;1817;Sátão;160.32999999999998;42.0
2023;1;1819;Tabuaço;106.21;21.0
2023;1;814;Tavira;305.25;106.0
2023;1;310;Terras do Bouro;142.66;43.0
2023;1;1318;Trofa;499.91999999999996;170.0
2023;1;616;Tábua;178.98999999999998;72.0
2023;1;712;Vendas Novas;103.41;31.0
2023;1;1609;Viana do Castelo;1102.07;488.0
2023;1;311;Vieira do Minho;119.08000000000001;57.0
2023;1;410;Vila Flor;99.50999999999999;31.0
2023;1;1420;Vila Nova da Barquinha;348.34000000000015;50.0
2023;1;617;Vila Nova de Poiares;82.70000000000002;55.0
2023;1;1713;Vila Pouca de Aguiar;173.04;73.0
2023;1;313;Vila Verde;734.21;336.0
2023;1;510;Vila de Rei;47.1;14.0
2023;1;1823;Viseu;1664.44;510.0
2023;2;1401;Abrantes;224.48999999999998;66.0
2023;2;102;Albergaria-a-Velha;156.8;58.0
2023;2;801;Albufeira;396.14;86.0
2023;2;1501;Alcácer do Sal;399.0;37.0
2023;2;1503;Almada;424.13;165.0
2023;2;902;Almeida;32.22;6.0
2023;2;1403;Almeirim;149.31;42.0
2023;2;202;Almodôvar;146.2;6.0
2023;2;1002;Alvaiázere;63.36;24.0
2023;2;1115;Amadora;97.46000000000001;20.0
2023;2;301;Amares;180.94;55.0
2023;2;702;Arraiolos;197.04;21.0
2023;2;1102;Arruda dos Vinhos;78.72;23.0
2023;2;105;Aveiro;410.72;104.0
2023;2;1302;Baião;64.67999999999999;26.0
2023;2;302;Barcelos;1014.9300000000001;287.0
2023;2;1504;Barreiro;140.18;36.0
2023;2;501;Belmonte;12.739999999999998;8.0
2023;2;1005;Bombarral;71.49;24.0
2023;2;703;Borba;178.04000000000002;13.0
2023;2;402;Bragança;345.78999999999996;92.0
2023;2;1006;Caldas da Rainha;420.84;98.0
2023;2;1602;Caminha;85.48;38.0
2023;2;403;Carrazeda de Ansiães;36.31999999999999;8.0
2023;2;1802;Carregal do Sal;67.11;21.0
2023;2;502;Castelo Branco;391.56000000000006;105.0
2023;2;1205;Castelo de Vide;14.62;7.0
2023;2;206;Castro Verde;27.64;19.0
2023;2;603;Coimbra;1915.6000000000001;232.0
2023;2;604;Condeixa-a-Nova;97.1;39.0
2023;2;207;Cuba;66.19999999999999;8.0
2023;2;1410;Entroncamento;62.46;37.0
2023;2;704;Estremoz;64.61999999999999;15.0
2023;2;307;Fafe;444.55000000000007;176.0
2023;2;1303;Felgueiras;279.15999999999997;83.0
2023;2;605;Figueira da Foz;496.26;112.0
2023;2;1008;Figueiró dos Vinhos;27.79;9.0
2023;2;1208;Fronteira;34.58;3.0
2023;2;504;Fundão;225.28;63.0
2023;2;906;Gouveia;42.53;24.0
2023;2;907;Guarda;148.79;50.0
2023;2;308;Guimarães;1554.4699999999998;310.0
2023;2;807;Lagos;201.8;55.0
2023;2;1805;Lamego;137.02;22.0
2023;2;1108;Lourinhã;229.98;72.0
2023;2;405;Macedo de Cavaleiros;84.75;27.0
2023;2;1306;Maia;514.42;144.0
2023;2;1307;Marco de Canaveses;828.8199999999999;89.0
2023;2;1210;Marvão;24.21;7.0
2023;2;1413;Mação;35.62;21.0
2023;2;1704;Mesão Frio;28.31;10.0
2023;2;1807;Moimenta da Beira;133.46;28.0
2023;2;1705;Mondim de Basto;31.09;16.0
2023;2;1706;Montalegre;71.62;20.0
2023;2;610;Montemor-o-Velho;283.90999999999997;86.0
2023;2;1604;Monção;76.99000000000001;31.0
2023;2;210;Moura;128.71;24.0
2023;2;708;Mourão;3.5;2.0
2023;2;112;Murtosa;116.28999999999999;23.0
2023;2;1707;Murça;40.019999999999996;17.0
2023;2;209;Mértola;27.97;12.0
2023;2;1809;Nelas;164.54;53.0
2023;2;1116;Odivelas;115.91;52.0
2023;2;1110;Oeiras;469.28000000000003;89.0
2023;2;212;Ourique;37.510000000000005;20.0
2023;2;115;Ovar;383.1;106.0
2023;2;1508;Palmela;432.74;118.0
2023;2;1309;Paços de Ferreira;497.27;77.0
2023;2;613;Penacova;52.08999999999999;24.0
2023;2;1811;Penalva do Castelo;51.45;20.0
2023;2;1014;Peniche;228.22;31.0
2023;2;1606;Ponte da Barca;63.61999999999999;25.0
2023;2;1213;Ponte de Sôr;109.65;24.0
2023;2;1214;Portalegre;113.32;40.0
2023;2;711;Reguengos de Monsaraz;116.14;17.0
2023;2;109;Santa Maria da Feira;1527.7;206.0
2023;2;1711;Santa Marta de Penaguião;65.37;9.0
2023;2;213;Serpa;197.0;23.0
2023;2;509;Sertã;29.95;19.0
2023;2;1512;Setúbal;1512.85;131.0
2023;2;1513;Sines;48.5;15.0
2023;2;1111;Sintra;1636.38;240.0
2023;2;1215;Sousel;112.32;17.0
2023;2;1817;Sátão;74.7;25.0
2023;2;1815;São João da Pesqueira;39.49;13.0
2023;2;1418;Tomar;253.44;84.0
2023;2;1821;Tondela;196.70999999999998;62.0
2023;2;1113;Torres Vedras;826.6700000000001;152.0
2023;2;913;Trancoso;117.21;16.0
2023;2;1318;Trofa;251.79999999999998;66.0
2023;2;118;Vagos;401.21000000000004;39.0
2023;2;1712;Valpaços;123.59;70.0
2023;2;712;Vendas Novas;55.2;25.0
2023;2;1609;Viana do Castelo;887.0600000000001;199.0
2023;2;311;Vieira do Minho;48.870000000000005;20.0
2023;2;1114;Vila Franca de Xira;784.11;61.0
2023;2;1420;Vila Nova da Barquinha;115.25999999999999;28.0
2023;2;1317;Vila Nova de Gaia;1111.02;258.0
2023;2;510;Vila de Rei;54.83;9.0
2023;2;815;Vila do Bispo;198.69000000000003;20.0
2023;2;1316;Vila do Conde;545.31;115.0
2023;2;411;Vimioso;58.2;12.0
2023;2;1823;Viseu;585.29;266.0
2023;2;314;Vizela;116.66;32.0
2023;2;1824;Vouzela;97.01000000000002;35.0
2023;2;110;Ílhavo;268.06;92.0
2024;1;1401;Abrantes;583.4399999999999;110.0
2024;1;701;Alandroal;70.46;18.0
2024;1;802;Alcoutim;55.199999999999996;10.0
2024;1;1501;Alcácer do Sal;729.1999999999999;61.0
2024;1;1101;Alenquer;1081.63;124.0
2024;1;201;Aljustrel;140.49;23.0
2024;1;902;Almeida;55.010000000000005;18.0
2024;1;1403;Almeirim;387.49;81.0
2024;1;1003;Ansião;381.03;30.0
2024;1;702;Arraiolos;365.85;48.0
2024;1;1202;Arronches;33.76;6.0
2024;1;1102;Arruda dos Vinhos;257.38;42.0
2024;1;1103;Azambuja;851.5800000000002;52.0
2024;1;205;Beja;1551.9900000000002;73.0
2024;1;501;Belmonte;116.69000000000001;26.0
2024;1;1005;Bombarral;107.29000000000002;41.0
2024;1;304;Cabeceiras de Basto;106.82;46.0
2024;1;1602;Caminha;227.74;55.0
2024;1;1406;Cartaxo;320.74;74.0
2024;1;106;Castelo de Paiva;131.76999999999998;62.0
2024;1;1703;Chaves;713.22;141.0
2024;1;603;Coimbra;1398.0;281.0
2024;1;604;Condeixa-a-Nova;350.68000000000006;31.0
2024;1;1408;Constância;64.58;8.0
2024;1;503;Covilhã;518.05;119.0
2024;1;1207;Elvas;1042.75;37.0
2024;1;904;Figueira de Castelo Rodrigo;78.28999999999999;15.0
2024;1;1209;Gavião;34.019999999999996;13.0
2024;1;1412;Golegã;34.510000000000005;13.0
2024;1;906;Gouveia;315.37;25.0
2024;1;1805;Lamego;165.1;46.0
2024;1;1009;Leiria;3863.7200000000003;398.0
2021;2;901;Aguiar da Beira;22.05;10.0
2021;2;1001;Alcobaça;995.4900000000001;147.0
2021;2;1101;Alenquer;503.61999999999995;118.0
2021;2;201;Aljustrel;47.54;20.0
2021;2;601;Arganil;68.4;27.0
2021;2;104;Arouca;71.41;30.0
2021;2;702;Arraiolos;52.769999999999996;34.0
2021;2;105;Aveiro;1491.6000000000001;224.0
2021;2;204;Barrancos;3.0;1.0
2021;2;1504;Barreiro;142.17;87.0
2021;2;205;Beja;128.55;50.0
2021;2;1405;Benavente;667.62;114.0
2021;2;703;Borba;48.21;14.0
2021;2;303;Braga;2719.8900000000003;547.0
2021;2;1006;Caldas da Rainha;450.37;111.0
2021;2;1602;Caminha;49.98;39.0
2021;2;602;Cantanhede;431.05;118.0
2021;2;403;Carrazeda de Ansiães;45.59;21.0
2021;2;1406;Cartaxo;327.6;52.0
2021;2;206;Castro Verde;65.19;48.0
2021;2;305;Celorico de Basto;50.95;25.0
2021;2;1804;Cinfães;28.79;27.0
2021;2;1206;Crato;17.200000000000003;13.0
2021;2;207;Cuba;50.120000000000005;15.0
2021;2;1207;Elvas;115.47999999999999;26.0
2021;2;1410;Entroncamento;422.84;66.0
2021;2;107;Espinho;915.4900000000001;42.0
2021;2;306;Esposende;207.78999999999996;120.0
2021;2;307;Fafe;247.57;112.0
2021;2;1411;Ferreira do Zêzere;75.4;17.0
2021;2;605;Figueira da Foz;398.63000000000005;144.0
2021;2;1008;Figueiró dos Vinhos;9.07;7.0
2021;2;404;Freixo de Espada à Cinta;23.47;19.0
2021;2;504;Fundão;192.15999999999997;58.0
2021;2;1304;Gondomar;851.84;231.0
2021;2;1505;Grândola;69.74000000000001;34.0
2021;2;606;Góis;8.3;10.0
2021;2;505;Idanha-a-Nova;39.36;12.0
2021;2;1805;Lamego;194.03;33.0
2021;2;1106;Lisboa;295.77;136.0
2021;2;808;Loulé;783.59;184.0
2021;2;1107;Loures;1000.9700000000001;157.0
2021;2;607;Lousã;305.53000000000003;49.0
2021;2;405;Macedo de Cavaleiros;24.59;22.0
2021;2;1307;Marco de Canaveses;189.93;131.0
2021;2;1210;Marvão;18.8;10.0
2021;2;1308;Matosinhos;699.6899999999998;155.0
2021;2;1704;Mesão Frio;6.38;3.0
2021;2;609;Miranda do Corvo;30.729999999999997;21.0
2021;2;408;Mogadouro;10.83;13.0
2021;2;1705;Mondim de Basto;29.61;21.0
2021;2;1706;Montalegre;55.05;15.0
2021;2;706;Montemor-o-Novo;119.26999999999998;52.0
2021;2;1507;Montijo;155.60000000000002;62.0
2021;2;1604;Monção;119.9;16.0
2021;2;707;Mora;104.58;17.0
2021;2;1808;Mortágua;1339.4;38.0
2021;2;210;Moura;159.85000000000002;25.0
2021;2;1707;Murça;67.92;23.0
2021;2;1011;Nazaré;103.48;39.0
2021;2;1212;Nisa;30.47;22.0
2021;2;1116;Odivelas;256.37;138.0
2021;2;1110;Oeiras;1200.23;177.0
2021;2;114;Oliveira do Bairro;248.89;75.0
2021;2;212;Ourique;74.78999999999999;22.0
2021;2;1421;Ourém;317.72;112.0
2021;2;1309;Paços de Ferreira;479.11;207.0
2021;2;507;Penamacor;28.799999999999997;15.0
2021;2;1607;Ponte de Lima;600.5799999999999;89.0
2021;2;1213;Ponte de Sôr;42.31;38.0
2021;2;709;Portel;70.82;18.0
2021;2;710;Redondo;15.32;9.0
2021;2;911;Sabugal;106.97999999999999;35.0
2021;2;1818;Sernancelhe;43.4;8.0
2021;2;1511;Sesimbra;338.41999999999996;266.0
2021;2;1512;Setúbal;892.8800000000001;359.0
2021;2;117;Sever do Vouga;90.85000000000001;34.0
2021;2;1513;Sines;47.599999999999994;8.0
2021;2;617;Vila Nova de Poiares;96.20000000000002;19.0
2021;2;511;Vila Velha de Rodão;842.2199999999999;11.0
2021;2;510;Vila de Rei;15.030000000000001;11.0
2021;2;1316;Vila do Conde;1067.8700000000001;255.0
2021;2;1823;Viseu;601.73;351.0
2021;2;1012;Óbidos;953.8799999999999;53.0
2022;1;901;Aguiar da Beira;91.6;14.0
2022;1;906;Gouveia;170.33;55.0
2022;1;1107;Loures;764.05;234.0
2022;1;607;Lousã;166.88;49.0
2022;1;1010;Marinha Grande;505.2600000000001;161.0
2022;1;1413;Mação;63.190000000000005;39.0
2022;1;111;Mealhada;523.9899999999999;104.0
2022;1;909;Meda;29.73;15.0
2022;1;406;Miranda do Douro;181.59;25.0
2022;1;1604;Monção;443.63;33.0
2022;1;708;Mourão;73.72999999999999;7.0
2022;1;112;Murtosa;227.25;40.0
2022;1;1707;Murça;30.61;29.0
2022;1;209;Mértola;36.53;22.0
2022;1;1809;Nelas;106.22;62.0
2022;1;1116;Odivelas;281.01;142.0
2022;1;506;Oleiros;80.47;30.0
2022;1;810;Olhão;278.26;91.0
2022;1;1605;Paredes de Coura;74.42;23.0
2022;1;1309;Paços de Ferreira;1666.2800000000002;288.0
2022;2;1006;Caldas da Rainha;675.27;176.0
2022;2;1602;Caminha;238.48;52.0
2022;2;602;Cantanhede;1424.0900000000001;138.0
2022;2;1406;Cartaxo;251.99999999999997;67.0
2022;2;1105;Cascais;1486.1200000000001;490.0
2022;2;502;Castelo Branco;705.52;216.0
2022;2;1803;Castro Daire;252.56000000000003;61.0
2022;2;206;Castro Verde;78.16;23.0
2022;2;903;Celorico da Beira;140.94;22.0
2022;2;1408;Constância;16.799999999999997;15.0
2022;2;1206;Crato;11.759999999999998;9.0
2022;2;108;Estarreja;1911.7300000000002;75.0
2022;2;605;Figueira da Foz;4191.070000000001;174.0
2022;2;504;Fundão;221.2;51.0
2022;2;1209;Gavião;18.11;17.0
2022;2;1412;Golegã;245.18;25.0
2022;2;1305;Lousada;741.97;188.0
2022;2;1806;Mangualde;91.17999999999999;61.0
2022;2;407;Mirandela;122.73999999999998;68.0
2022;2;1705;Mondim de Basto;43.81;39.0
2022;2;1507;Montijo;618.1800000000001;79.0
2022;2;1808;Mortágua;202.48;67.0
2022;2;210;Moura;222.87;34.0
2022;2;1421;Ourém;1207.5;149.0
2022;2;1811;Penalva do Castelo;37.370000000000005;22.0
2022;2;1014;Peniche;243.76999999999998;71.0
2022;2;709;Portel;18.669999999999998;10.0
2022;2;1415;Salvaterra de Magos;308.8;91.0
2022;2;1416;Santarém;1388.9800000000002;171.0
2022;2;1111;Sintra;2865.06;483.0
2022;2;1215;Sousel;28.22;8.0
2022;2;1113;Torres Vedras;1845.8000000000002;301.0
2022;2;913;Trancoso;191.80999999999997;39.0
2022;2;616;Tábua;394.56000000000006;56.0
2022;2;119;Vale de Cambra;141.12;55.0
2022;2;1420;Vila Nova da Barquinha;92.18;35.0
2022;2;1822;Vila Nova de Paiva;117.93;32.0
2022;2;1316;Vila do Conde;1804.75;325.0
2022;2;1824;Vouzela;280.30999999999995;89.0
2023;1;1401;Abrantes;431.94;143.0
2023;1;1201;Alter do Chão;23.39;7.0
2023;1;301;Amares;219.59;129.0
2023;1;1102;Arruda dos Vinhos;244.94;55.0
2023;1;1103;Azambuja;1474.04;94.0
2023;1;1302;Baião;158.59000000000003;59.0
2023;1;1004;Batalha;1020.9399999999999;96.0
2023;1;602;Cantanhede;1297.28;215.0
2023;1;1802;Carregal do Sal;124.65;56.0
2023;1;106;Castelo de Paiva;69.68;68.0
2023;1;1407;Chamusca;153.95;34.0
2023;1;603;Coimbra;1609.5;523.0
2023;1;505;Idanha-a-Nova;87.86;44.0
2023;1;1805;Lamego;210.96999999999997;52.0
2023;1;607;Lousã;344.46000000000004;87.0
2023;1;1507;Montijo;774.59;97.0
2023;1;707;Mora;66.34;15.0
2023;1;1707;Murça;74.72999999999999;41.0
2023;1;1809;Nelas;263.23;78.0
2023;1;1110;Oeiras;992.8900000000001;272.0
2023;1;611;Oliveira do Hospital;411.67999999999995;90.0
2023;1;1508;Palmela;1076.3199999999997;398.0
2023;1;612;Pampilhosa da Serra;33.46;8.0
2023;1;1309;Paços de Ferreira;1050.6599999999999;328.0
2023;1;1708;Peso da Régua;88.72000000000001;31.0
2023;1;1606;Ponte da Barca;59.900000000000006;31.0
2023;1;1607;Ponte de Lima;552.04;266.0
2023;1;1214;Portalegre;245.76;76.0
2023;1;709;Portel;36.82;30.0
2023;1;811;Portimão;536.44;150.0
2023;1;1313;Póvoa de Varzim;519.2;269.0
2023;1;710;Redondo;136.08;11.0
2023;1;1710;Sabrosa;60.61000000000001;40.0
2023;1;911;Sabugal;167.53000000000003;50.0
2023;1;1711;Santa Marta de Penaguião;22.28;21.0
2023;1;1416;Santarém;2094.01;334.0
2023;1;1509;Santiago do Cacém;247.26;121.0
2023;1;1510;Seixal;1328.3899999999999;895.0
2023;1;213;Serpa;777.6899999999999;45.0
2023;1;509;Sertã;118.92;78.0
2023;1;813;Silves;655.79;194.0
2023;1;1215;Sousel;35.370000000000005;16.0
2023;1;1816;São Pedro do Sul;378.82;97.0
2023;1;1820;Tarouca;174.26;28.0
2023;1;1419;Torres Novas;551.25;248.0
2023;1;1113;Torres Vedras;1943.82;425.0
2023;1;913;Trancoso;55.300000000000004;22.0
2023;1;118;Vagos;314.26;134.0
2023;1;119;Vale de Cambra;265.48;70.0
2023;1;1608;Valença;323.63;71.0
2023;1;1315;Valongo;915.02;238.0
2023;1;914;Vila Nova de Foz Côa;119.14;27.0
2023;1;1317;Vila Nova de Gaia;2484.58;630.0
2023;1;1822;Vila Nova de Paiva;81.34;21.0
2023;1;1714;Vila Real;429.08000000000004;209.0
2023;1;816;Vila Real de Santo António;163.32000000000002;38.0
2023;1;714;Vila Viçosa;104.50999999999999;15.0
2023;1;815;Vila do Bispo;162.45;34.0
2023;1;412;Vinhais;72.88999999999999;38.0
2023;1;314;Vizela;199.5;164.0
2023;2;701;Alandroal;58.519999999999996;9.0
2023;2;1001;Alcobaça;493.78999999999996;124.0
2023;2;1502;Alcochete;61.089999999999996;26.0
2023;2;802;Alcoutim;4.15;3.0
2023;2;1101;Alenquer;1156.4499999999998;74.0
2023;2;401;Alfândega da Fé;45.53;11.0
2023;2;1701;Alijó;58.650000000000006;27.0
2023;2;201;Aljustrel;43.35999999999999;11.0
2023;2;203;Alvito;11.46;6.0
2023;2;1301;Amarante;252.32;128.0
2023;2;103;Anadia;233.51999999999998;84.0
2023;2;1003;Ansião;982.82;24.0
2023;2;104;Arouca;138.08;42.0
2023;2;1103;Azambuja;317.43;45.0
2023;2;204;Barrancos;2.94;2.0
2023;2;1004;Batalha;173.32;46.0
2023;2;205;Beja;284.36;45.0
2023;2;1405;Benavente;198.06;54.0
2023;2;303;Braga;1651.52;325.0
2023;2;304;Cabeceiras de Basto;152.7;22.0
2023;2;1104;Cadaval;185.57;60.0
2023;2;1204;Campo Maior;87.02;13.0
2023;2;1803;Castro Daire;167.71000000000004;34.0
2023;2;1407;Chamusca;309.84;14.0
2023;2;1703;Chaves;211.56;89.0
2023;2;1408;Constância;17.0;12.0
2023;2;107;Espinho;43.29;17.0
2023;2;306;Esposende;145.38;69.0
2023;2;805;Faro;315.6;83.0
2023;2;905;Fornos de Algodres;11.689999999999998;7.0
2023;2;404;Freixo de Espada à Cinta;0.58;2.0
2023;2;1209;Gavião;17.119999999999997;12.0
2023;2;1412;Golegã;25.08;10.0
2023;2;606;Góis;11.73;7.0
2023;2;806;Lagoa (Algarve);394.02;67.0
2023;2;1009;Leiria;2800.16;349.0
2023;2;1106;Lisboa;964.0699999999999;71.0
2023;2;1109;Mafra;520.2;190.0
2023;2;1010;Marinha Grande;423.81;84.0
2023;2;1308;Matosinhos;649.4100000000001;137.0
2023;2;111;Mealhada;144.23;49.0
2023;2;909;Meda;46.660000000000004;9.0
2023;2;1603;Melgaço;21.340000000000003;8.0
2023;2;608;Mira;64.59;25.0
2023;2;609;Miranda do Corvo;39.08;22.0
2023;2;406;Miranda do Douro;56.15;12.0
2023;2;407;Mirandela;156.1;45.0
2023;2;1506;Moita;100.79000000000002;37.0
2023;2;706;Montemor-o-Novo;158.53;38.0
2023;2;707;Mora;45.519999999999996;6.0
2023;2;1808;Mortágua;56.91;26.0
2023;2;1011;Nazaré;159.72;21.0
2023;2;211;Odemira;133.80999999999997;34.0
2023;2;810;Olhão;174.69;56.0
2023;2;113;Oliveira de Azeméis;592.06;116.0
2023;2;1810;Oliveira de Frades;334.32000000000005;47.0
2023;2;114;Oliveira do Bairro;211.0;72.0
2023;2;611;Oliveira do Hospital;267.95;48.0
2023;2;1421;Ourém;495.06000000000006;112.0
2023;2;612;Pampilhosa da Serra;66.85;6.0
2023;2;1310;Paredes;302.78999999999996;78.0
2023;2;1605;Paredes de Coura;74.82;21.0
2023;2;1812;Penedono;1.2999999999999998;3.0
2023;2;811;Portimão;351.5;68.0
2023;2;1312;Porto;592.25;95.0
2023;2;1016;Porto de Mós;114.19;52.0
2023;2;508;Proença-a-Nova;50.13;27.0
2023;2;309;Póvoa de Lanhoso;148.25;47.0
2023;2;1313;Póvoa de Varzim;418.52;94.0
2023;2;710;Redondo;15.34;6.0
2023;2;1813;Resende;77.36;28.0
2023;2;1710;Sabrosa;48.79;12.0
2023;2;1415;Salvaterra de Magos;425.20000000000005;77.0
2023;2;1509;Santiago do Cacém;202.64;40.0
2023;2;1417;Sardoal;23.45;12.0
2023;2;1511;Sesimbra;316.01;133.0
2023;2;117;Sever do Vouga;124.74;28.0
2023;2;615;Soure;118.22;53.0
2023;2;1819;Tabuaço;35.56;10.0
2023;2;1820;Tarouca;87.97;17.0
2023;2;616;Tábua;1637.7899999999997;26.0
2023;2;1608;Valença;101.61000000000001;31.0
2023;2;1315;Valongo;232.67000000000002;77.0
2023;2;1822;Vila Nova de Paiva;96.77000000000001;13.0
2023;2;1713;Vila Pouca de Aguiar;65.13999999999999;25.0
2023;2;1714;Vila Real;276.95;108.0
2023;2;705;Évora;1781.3400000000001;72.0
2023;2;1012;Óbidos;111.38;42.0
2024;1;901;Aguiar da Beira;238.31;34.0
2024;1;102;Albergaria-a-Velha;1164.64;78.0
2024;1;1001;Alcobaça;697.16;194.0
2024;1;1502;Alcochete;293.23;34.0
2024;1;401;Alfândega da Fé;28.35;15.0
2024;1;1701;Alijó;135.35;47.0
2024;1;803;Aljezur;118.27;28.0
2024;1;1404;Alpiarça;98.91;33.0
2024;1;1115;Amadora;1122.7700000000002;62.0
2024;1;1301;Amarante;1021.2299999999999;248.0
2024;1;301;Amares;370.5;91.0
2024;1;103;Anadia;941.73;89.0
2024;1;1601;Arcos de Valdevez;423.57;68.0
2024;1;601;Arganil;372.48000000000013;41.0
2024;1;1801;Armamar;174.59;35.0
2024;1;105;Aveiro;1291.88;196.0
2024;1;302;Barcelos;1911.91;397.0
2024;1;1004;Batalha;1210.0600000000002;66.0
2024;1;1405;Benavente;962.46;74.0
2024;1;303;Braga;2207.27;342.0
2024;1;402;Bragança;389.95000000000005;159.0
2024;1;403;Carrazeda de Ansiães;225.93;26.0
2024;1;1105;Cascais;1752.35;378.0
2024;1;206;Castro Verde;125.67999999999999;31.0
2024;1;903;Celorico da Beira;93.61;21.0
2024;1;1206;Crato;91.28;12.0
2024;1;107;Espinho;129.25;33.0
2024;1;306;Esposende;260.40999999999997;81.0
2024;1;704;Estremoz;277.71;36.0
2024;1;1303;Felgueiras;1100.29;143.0
2024;1;1008;Figueiró dos Vinhos;106.38;22.0
2024;1;905;Fornos de Algodres;14.86;8.0
2024;1;404;Freixo de Espada à Cinta;30.810000000000002;15.0
2024;1;1208;Fronteira;95.6;12.0
2024;1;1304;Gondomar;850.9399999999999;172.0
2024;1;1505;Grândola;1164.97;67.0
2024;1;606;Góis;31.66;19.0
2024;1;505;Idanha-a-Nova;488.34;40.0
2024;1;806;Lagoa (Algarve);559.9300000000001;117.0
2024;1;1106;Lisboa;1729.8600000000001;111.0
2024;1;1107;Loures;1262.7799999999997;204.0
2024;1;607;Lousã;1045.3200000000002;37.0
2024;1;1306;Maia;1250.88;212.0
2024;1;1806;Mangualde;195.74;59.0
2024;1;909;Meda;56.52;21.0
2024;1;406;Miranda do Douro;86.39;22.0
2024;1;407;Mirandela;328.91;62.0
2024;1;408;Mogadouro;73.74000000000001;21.0
2024;1;706;Montemor-o-Novo;432.75;79.0
2024;1;707;Mora;164.0;34.0
2024;1;1808;Mortágua;994.14;41.0
2024;1;1011;Nazaré;364.68;33.0
2024;1;211;Odemira;443.57000000000005;100.0
2024;1;1116;Odivelas;611.54;97.0
2024;1;506;Oleiros;52.040000000000006;15.0
2024;1;114;Oliveira do Bairro;1161.27;98.0
2024;1;212;Ourique;71.02;16.0
2024;1;1421;Ourém;1256.3400000000001;177.0
2024;1;1508;Palmela;3740.1499999999996;286.0
2024;1;612;Pampilhosa da Serra;14.44;11.0
2024;1;1013;Pedrogão Grande;18.62;11.0
2024;1;613;Penacova;157.32999999999998;36.0
2024;1;507;Penamacor;37.089999999999996;20.0
2024;1;1606;Ponte da Barca;118.47;27.0
2024;1;1607;Ponte de Lima;338.1;106.0
2024;1;1312;Porto;1761.8799999999999;207.0
2024;1;1016;Porto de Mós;489.59000000000003;71.0
2024;1;508;Proença-a-Nova;149.86999999999998;31.0
2024;1;710;Redondo;70.13;24.0
2024;1;711;Reguengos de Monsaraz;281.34000000000003;45.0
2024;1;1709;Ribeira de Pena;34.95;19.0
2024;1;1710;Sabrosa;45.1;24.0
2024;1;1814;Santa Comba Dão;128.49;47.0
2024;1;1509;Santiago do Cacém;281.21000000000004;77.0
2024;1;1417;Sardoal;55.260000000000005;13.0
2024;1;912;Seia;145.11;49.0
2024;1;1510;Seixal;1668.1999999999998;304.0
2024;1;1818;Sernancelhe;72.37;25.0
2024;1;1511;Sesimbra;1071.73;214.0
2024;1;1215;Sousel;210.95;23.0
2024;1;1817;Sátão;98.78;35.0
2024;1;1820;Tarouca;55.82000000000001;20.0
2024;1;1418;Tomar;493.98;115.0
2024;1;913;Trancoso;106.31;27.0
2024;1;119;Vale de Cambra;249.95;74.0
2024;1;1315;Valongo;581.49;116.0
2024;1;311;Vieira do Minho;166.62;45.0
2024;1;410;Vila Flor;1047.11;13.0
2024;1;1317;Vila Nova de Gaia;1887.36;351.0
2024;1;1822;Vila Nova de Paiva;112.29;14.0
2024;1;714;Vila Viçosa;74.30000000000001;15.0
2024;1;510;Vila de Rei;395.74;11.0
2024;1;1316;Vila do Conde;2984.63;200.0
2024;1;412;Vinhais;69.35;21.0
2024;1;705;Évora;2870.4700000000003;211.0
2021;2;1401;Abrantes;222.92000000000002;98.0
2021;2;701;Alandroal;18.62;14.0
2021;2;401;Alfândega da Fé;7.73;7.0
2021;2;1701;Alijó;32.89;15.0
2021;2;803;Aljezur;84.53999999999999;36.0
2021;2;1503;Almada;774.4000000000001;333.0
2021;2;902;Almeida;35.379999999999995;13.0
2021;2;1201;Alter do Chão;43.790000000000006;10.0
2021;2;301;Amares;248.74;108.0
2021;2;103;Anadia;158.67;77.0
2021;2;1003;Ansião;84.72999999999999;35.0
2021;2;1601;Arcos de Valdevez;41.26;35.0
2021;2;1102;Arruda dos Vinhos;101.57;41.0
2021;2;1103;Azambuja;85.2;42.0
2021;2;1302;Baião;22.580000000000002;21.0
2021;2;302;Barcelos;1646.4;475.0
2021;2;402;Bragança;176.39;97.0
2021;2;304;Cabeceiras de Basto;34.790000000000006;20.0
2021;2;1104;Cadaval;57.49;47.0
2021;2;1204;Campo Maior;12.780000000000001;11.0
2021;2;1802;Carregal do Sal;67.13;46.0
2021;2;1105;Cascais;815.72;471.0
2021;2;502;Castelo Branco;614.6899999999999;113.0
2021;2;106;Castelo de Paiva;471.64000000000004;49.0
2021;2;1803;Castro Daire;208.63;25.0
2021;2;1407;Chamusca;120.6;37.0
2021;2;1703;Chaves;371.26;96.0
2021;2;603;Coimbra;2006.77;443.0
2021;2;604;Condeixa-a-Nova;101.62;70.0
2021;2;1408;Constância;16.75;10.0
2021;2;108;Estarreja;796.11;61.0
2021;2;704;Estremoz;45.64;25.0
2021;2;208;Ferreira do Alentejo;26.96;18.0
2021;2;1209;Gavião;11.149999999999999;20.0
2021;2;1412;Golegã;83.30000000000001;23.0
2021;2;906;Gouveia;62.67999999999999;19.0
2021;2;308;Guimarães;1331.2399999999998;552.0
2021;2;807;Lagos;383.44;79.0
2021;2;1009;Leiria;2811.78;477.0
2021;2;1109;Mafra;1294.23;359.0
2021;2;1306;Maia;2275.66;251.0
2021;2;111;Mealhada;246.56000000000003;67.0
2021;2;909;Meda;17.5;9.0
2021;2;809;Monchique;33.43;12.0
2021;2;708;Mourão;15.1;8.0
2021;2;112;Murtosa;78.2;31.0
2021;2;209;Mértola;13.66;12.0
2021;2;211;Odemira;330.08;63.0
2021;2;115;Ovar;702.94;115.0
2021;2;612;Pampilhosa da Serra;7.78;10.0
2021;2;1013;Pedrogão Grande;9.2;10.0
2021;2;613;Penacova;38.400000000000006;25.0
2021;2;1014;Peniche;224.64000000000004;49.0
2021;2;1015;Pombal;525.6000000000001;139.0
2021;2;1606;Ponte da Barca;20.049999999999997;18.0
2021;2;811;Portimão;269.83000000000004;78.0
2021;2;1312;Porto;687.23;129.0
2021;2;1016;Porto de Mós;813.4099999999999;61.0
2021;2;309;Póvoa de Lanhoso;100.03;74.0
2021;2;1313;Póvoa de Varzim;449.18999999999994;245.0
2021;2;1813;Resende;15.36;16.0
2021;2;1709;Ribeira de Pena;93.91;9.0
2021;2;1814;Santa Comba Dão;126.12;67.0
2021;2;109;Santa Maria da Feira;1066.96;275.0
2021;2;1314;Santo Tirso;1101.13;308.0
2021;2;912;Seia;606.3599999999999;67.0
2021;2;509;Sertã;184.31;42.0
2021;2;813;Silves;303.69;105.0
2021;2;1111;Sintra;1565.08;539.0
2021;2;1112;Sobral de Monte Agraço;93.0;31.0
2021;2;1215;Sousel;50.260000000000005;11.0
2021;2;116;São João da Madeira;55.150000000000006;17.0
2021;2;1820;Tarouca;206.8;7.0
2021;2;310;Terras do Bouro;43.45;22.0
2021;2;1418;Tomar;387.57000000000005;106.0
2021;2;1821;Tondela;1309.49;117.0
2021;2;409;Torre de Moncorvo;37.12;16.0
2021;2;1113;Torres Vedras;3054.8599999999997;186.0
2021;2;1318;Trofa;843.6799999999998;129.0
2021;2;1315;Valongo;681.6100000000001;200.0
2021;2;713;Viana do Alentejo;46.31;25.0
2021;2;1609;Viana do Castelo;971.6899999999999;254.0
2021;2;1114;Vila Franca de Xira;227.10000000000002;115.0
2021;2;312;Vila Nova de Famalicão;1252.3899999999999;611.0
2021;2;914;Vila Nova de Foz Côa;20.25;7.0
2021;2;1317;Vila Nova de Gaia;1189.58;412.0
2021;2;1822;Vila Nova de Paiva;32.35;12.0
2021;2;1713;Vila Pouca de Aguiar;113.95;47.0
2021;2;1714;Vila Real;262.25;128.0
2021;2;815;Vila do Bispo;50.86;16.0
2021;2;412;Vinhais;42.26;36.0
2021;2;314;Vizela;211.86;98.0
2021;2;1824;Vouzela;106.10000000000001;56.0
2021;2;101;Águeda;1644.0799999999997;144.0
2021;2;110;Ílhavo;253.28;153.0
2022;1;102;Albergaria-a-Velha;1365.7000000000003;104.0
2022;1;1402;Alcanena;1606.3399999999997;55.0
2022;1;1001;Alcobaça;1357.28;205.0
2022;1;803;Aljezur;82.67999999999999;29.0
2022;1;201;Aljustrel;357.64;27.0
2022;1;1002;Alvaiázere;58.85;11.0
2022;1;203;Alvito;7.23;5.0
2022;1;1115;Amadora;1206.5300000000002;37.0
2022;1;1301;Amarante;347.01;157.0
2022;1;1003;Ansião;58.52000000000001;32.0
2022;1;601;Arganil;60.82;36.0
2022;1;104;Arouca;478.16999999999996;50.0
2022;1;1102;Arruda dos Vinhos;75.50999999999999;37.0
2022;1;105;Aveiro;807.3600000000001;324.0
2022;1;1103;Azambuja;198.56;51.0
2022;1;1302;Baião;61.95;30.0
2022;1;1504;Barreiro;811.0099999999999;101.0
2022;1;205;Beja;598.18;61.0
2022;1;1405;Benavente;354.77;138.0
2022;1;1005;Bombarral;118.60000000000002;49.0
2022;1;1702;Boticas;99.44;32.0
2022;1;403;Carrazeda de Ansiães;12.990000000000002;12.0
2022;1;1802;Carregal do Sal;185.73;51.0
2022;1;502;Castelo Branco;370.28000000000003;141.0
2022;1;106;Castelo de Paiva;256.01;79.0
2022;1;206;Castro Verde;32.480000000000004;25.0
2022;1;903;Celorico da Beira;26.56;17.0
2022;1;1407;Chamusca;120.80999999999997;23.0
2022;1;1804;Cinfães;56.69;36.0
2022;1;604;Condeixa-a-Nova;131.70999999999998;74.0
2022;1;1410;Entroncamento;525.33;62.0
2022;1;307;Fafe;548.71;168.0
2022;1;1411;Ferreira do Zêzere;671.56;25.0
2022;1;1208;Fronteira;21.560000000000002;15.0
2022;1;504;Fundão;1054.5399999999997;78.0
2022;1;1209;Gavião;136.12;22.0
2022;1;1412;Golegã;42.03;24.0
2022;1;1304;Gondomar;1096.31;256.0
2022;1;308;Guimarães;2399.67;805.0
2022;1;505;Idanha-a-Nova;153.5;27.0
2022;1;807;Lagos;256.73;89.0
2022;1;1106;Lisboa;711.12;155.0
2022;1;808;Loulé;1823.6800000000003;180.0
2022;1;405;Macedo de Cavaleiros;292.59000000000003;35.0
2022;1;1306;Maia;848.8100000000002;292.0
2022;1;1307;Marco de Canaveses;889.1500000000001;149.0
2022;1;1308;Matosinhos;1015.9700000000001;190.0
2022;1;1603;Melgaço;45.56999999999999;13.0
2022;1;608;Mira;253.15;34.0
2022;1;609;Miranda do Corvo;115.74000000000001;49.0
2022;1;1807;Moimenta da Beira;54.11;28.0
2022;1;1706;Montalegre;70.19;19.0
2022;1;1808;Mortágua;236.55999999999997;83.0
2022;1;1011;Nazaré;110.7;56.0
2022;1;211;Odemira;361.94;103.0
2022;1;1810;Oliveira de Frades;562.11;31.0
2022;1;114;Oliveira do Bairro;738.0;144.0
2022;1;1421;Ourém;559.1599999999999;126.0
2022;1;612;Pampilhosa da Serra;7.16;6.0
2022;1;1310;Paredes;1316.3199999999997;293.0
2022;1;507;Penamacor;34.61;15.0
2022;1;1014;Peniche;135.12;56.0
2022;1;910;Pinhel;110.05000000000001;42.0
2022;1;1015;Pombal;1677.3200000000002;198.0
2022;1;1214;Portalegre;114.47;57.0
2022;1;1709;Ribeira de Pena;26.66;14.0
2022;1;911;Sabugal;133.81;38.0
2022;1;1416;Santarém;585.3299999999999;226.0
2022;1;1314;Santo Tirso;1974.8899999999999;316.0
2022;1;1417;Sardoal;11.64;14.0
2022;1;117;Sever do Vouga;314.5400000000001;38.0
2022;1;1215;Sousel;69.53;6.0
2022;1;409;Torre de Moncorvo;14.019999999999998;9.0
2022;1;913;Trancoso;486.6;43.0
2022;1;616;Tábua;207.47000000000003;25.0
2022;1;713;Viana do Alentejo;97.05000000000001;23.0
2022;1;311;Vieira do Minho;52.18000000000001;33.0
2022;1;1114;Vila Franca de Xira;512.8799999999999;114.0
2022;1;1420;Vila Nova da Barquinha;60.77;47.0
2022;1;1713;Vila Pouca de Aguiar;109.99;38.0
2022;1;1714;Vila Real;855.31;158.0
2022;1;511;Vila Velha de Rodão;131.36;9.0
2022;1;313;Vila Verde;844.52;192.0
2022;1;714;Vila Viçosa;14.45;12.0
2022;1;1316;Vila do Conde;850.9199999999998;211.0
2022;1;411;Vimioso;84.7;36.0
2022;1;1012;Óbidos;599.3000000000001;75.0
2022;2;102;Albergaria-a-Velha;621.9200000000001;110.0
2022;2;801;Albufeira;735.7500000000001;160.0
2022;2;1402;Alcanena;355.68;60.0
2022;2;802;Alcoutim;22.88;3.0
2022;2;1501;Alcácer do Sal;321.56;74.0
2022;2;1701;Alijó;109.91999999999999;68.0
2022;2;803;Aljezur;128.26;33.0
2022;2;1503;Almada;910.36;450.0
2022;2;202;Almodôvar;33.18;17.0
2022;2;1201;Alter do Chão;64.72;10.0
2022;2;301;Amares;216.88;102.0
2022;2;1003;Ansião;337.19;36.0
2022;2;1202;Arronches;8.83;6.0
2022;2;1102;Arruda dos Vinhos;115.10999999999999;34.0
2022;2;105;Aveiro;917.5899999999999;419.0
2022;2;501;Belmonte;76.14;28.0
2022;2;1005;Bombarral;342.89000000000004;61.0
2022;2;703;Borba;210.85;22.0
2022;2;303;Braga;1694.4099999999999;628.0
2022;2;402;Bragança;350.55999999999995;109.0
2022;2;1104;Cadaval;127.85999999999999;47.0
2022;2;1407;Chamusca;262.82;30.0
2022;2;503;Covilhã;658.23;120.0
2022;2;704;Estremoz;67.67;23.0
2022;2;1411;Ferreira do Zêzere;220.39;37.0
2022;2;404;Freixo de Espada à Cinta;37.75;7.0
2022;2;1304;Gondomar;1026.58;343.0
2022;2;1210;Marvão;22.770000000000003;15.0
2022;2;706;Montemor-o-Novo;662.45;60.0
2022;2;708;Mourão;8.63;6.0
2022;2;112;Murtosa;125.47;31.0
2022;2;1809;Nelas;150.05;57.0
2022;2;1116;Odivelas;308.1;139.0
2022;2;507;Penamacor;83.05000000000001;21.0
2022;2;614;Penela;476.14000000000004;19.0
2022;2;1313;Póvoa de Varzim;747.38;162.0
2022;2;1509;Santiago do Cacém;609.56;127.0
2022;2;509;Sertã;157.32;69.0
2022;2;1821;Tondela;732.2;125.0
2022;2;1318;Trofa;1186.04;151.0
2022;2;1608;Valença;158.24999999999997;62.0
2022;2;1609;Viana do Castelo;2315.86;434.0
2022;2;1610;Vila Nova de Cerveira;355.19000000000005;60.0
2022;2;1713;Vila Pouca de Aguiar;76.0;61.0
2022;2;314;Vizela;482.2299999999999;132.0
2022;2;101;Águeda;2900.2400000000002;255.0
2023;1;901;Aguiar da Beira;135.52999999999997;16.0
2023;1;201;Aljustrel;239.36999999999998;54.0
2023;1;203;Alvito;46.04;9.0
2023;1;1115;Amadora;151.37;83.0
2023;1;1601;Arcos de Valdevez;255.94999999999996;142.0
2023;1;601;Arganil;154.5;62.0
2023;1;204;Barrancos;1.44;1.0
2023;1;1006;Caldas da Rainha;725.0200000000001;262.0
2023;1;1204;Campo Maior;287.76;10.0
2023;1;305;Celorico de Basto;120.12;56.0
2023;1;1206;Crato;64.4;19.0
2023;1;207;Cuba;70.94;30.0
2023;1;704;Estremoz;102.08;29.0
2023;1;1412;Golegã;222.60000000000002;30.0
2023;1;1106;Lisboa;651.19;184.0
2023;1;609;Miranda do Corvo;88.05999999999999;49.0
2023;1;1705;Mondim de Basto;22.490000000000002;16.0
2023;1;1808;Mortágua;142.95;55.0
2023;1;708;Mourão;167.56;8.0
2023;1;1116;Odivelas;607.6400000000001;219.0
2023;1;506;Oleiros;56.099999999999994;25.0
2023;1;1421;Ourém;522.01;174.0
2023;1;115;Ovar;673.09;281.0
2023;1;1310;Paredes;1356.61;270.0
2023;1;1605;Paredes de Coura;847.8199999999999;32.0
2023;1;1013;Pedrogão Grande;102.69;20.0
2023;1;613;Penacova;197.23000000000002;92.0
2023;1;507;Penamacor;135.23000000000002;24.0
2023;1;1812;Penedono;46.93;15.0
2023;1;614;Penela;64.53999999999999;34.0
2023;1;1014;Peniche;154.31000000000003;76.0
2023;1;910;Pinhel;153.43;31.0
2023;1;1016;Porto de Mós;384.07;100.0
2023;1;508;Proença-a-Nova;131.34;57.0
2023;1;1813;Resende;103.56;43.0
2023;1;1709;Ribeira de Pena;48.05;20.0
2023;1;1414;Rio Maior;272.84;88.0
2023;1;1417;Sardoal;40.050000000000004;18.0
2023;1;1512;Setúbal;1092.51;527.0
2023;1;117;Sever do Vouga;131.70999999999998;51.0
2023;1;1513;Sines;297.85;39.0
2023;1;1111;Sintra;2337.5399999999995;784.0
2023;1;1112;Sobral de Monte Agraço;103.81;50.0
2023;1;812;São Brás de Alportel;243.70999999999998;60.0
2023;1;116;São João da Madeira;399.40000000000003;29.0
2023;1;1815;São João da Pesqueira;89.95;22.0
2023;1;1418;Tomar;265.56;149.0
2023;1;1821;Tondela;807.7299999999999;138.0
2023;1;409;Torre de Moncorvo;80.75999999999999;21.0
2023;1;1712;Valpaços;271.87;130.0
2023;1;713;Viana do Alentejo;69.78999999999999;25.0
2023;1;214;Vidigueira;62.94;34.0
2023;1;1114;Vila Franca de Xira;1435.6100000000001;167.0
2023;1;1610;Vila Nova de Cerveira;125.36;57.0
2023;1;312;Vila Nova de Famalicão;3972.3699999999994;992.0
2023;1;511;Vila Velha de Rodão;86.78;55.0
2023;1;1316;Vila do Conde;1199.73;267.0
2023;1;411;Vimioso;71.06;27.0
2023;1;1824;Vouzela;275.02;90.0
2023;1;101;Águeda;1575.9100000000003;200.0
2023;1;705;Évora;566.15;186.0
2023;1;110;Ílhavo;622.1000000000001;179.0
2023;1;1012;Óbidos;445.02;83.0
2023;2;901;Aguiar da Beira;109.83;13.0
2023;2;1402;Alcanena;98.31;30.0
2023;2;803;Aljezur;60.31;23.0
2023;2;1404;Alpiarça;191.62;16.0
2023;2;1201;Alter do Chão;23.64;9.0
2023;2;1601;Arcos de Valdevez;104.54;41.0
2023;2;601;Arganil;211.51999999999998;42.0
2023;2;1801;Armamar;96.02;12.0
2023;2;1202;Arronches;18.439999999999998;6.0
2023;2;1203;Avis;60.0;7.0
2023;2;1406;Cartaxo;274.45;39.0
2023;2;1105;Cascais;832.88;255.0
2023;2;1007;Castanheira de Pêra;10.74;4.0
2023;2;106;Castelo de Paiva;85.83;32.0
2023;2;804;Castro Marim;37.769999999999996;13.0
2023;2;903;Celorico da Beira;23.2;16.0
2023;2;305;Celorico de Basto;173.57999999999998;89.0
2023;2;1804;Cinfães;64.96000000000001;18.0
2023;2;1409;Coruche;343.86000000000007;26.0
2023;2;503;Covilhã;1317.9299999999998;75.0
2023;2;1206;Crato;13.42;6.0
2023;2;208;Ferreira do Alentejo;130.66000000000003;12.0
2023;2;1411;Ferreira do Zêzere;44.150000000000006;20.0
2023;2;1305;Lousada;252.14;65.0
2023;2;607;Lousã;50.410000000000004;24.0
2023;2;1806;Mangualde;96.46000000000001;39.0
2023;2;908;Manteigas;4.62;2.0
2023;2;408;Mogadouro;86.92999999999999;19.0
2023;2;809;Monchique;17.58;4.0
2023;2;1211;Monforte;0.25;3.0
2023;2;1507;Montijo;189.26;47.0
2023;2;1212;Nisa;55.730000000000004;14.0
2023;2;506;Oleiros;25.500000000000004;11.0
2023;2;1013;Pedrogão Grande;13.56;7.0
2023;2;1311;Penafiel;572.1700000000001;171.0
2023;2;507;Penamacor;149.79;13.0
2023;2;614;Penela;46.629999999999995;22.0
2023;2;1708;Peso da Régua;19.630000000000003;17.0
2023;2;910;Pinhel;72.39;18.0
2023;2;1015;Pombal;619.8800000000001;138.0
2023;2;1607;Ponte de Lima;321.59;107.0
2023;2;709;Portel;19.19;10.0
2023;2;1709;Ribeira de Pena;28.57;8.0
2023;2;410;Vila Flor;93.3;10.0
2023;2;313;Vila Verde;540.3700000000001;140.0
2024;1;203;Alvito;63.3;8.0
2024;1;104;Arouca;380.81000000000006;92.0
2024;1;1203;Avis;150.1;22.0
2024;1;1302;Baião;75.13;35.0
2024;1;204;Barrancos;1.08;1.0
2024;1;1504;Barreiro;107.05;45.0
2024;1;703;Borba;111.96000000000001;21.0
2024;1;1702;Boticas;39.35;17.0
2024;1;1104;Cadaval;648.7499999999999;48.0
2024;1;1006;Caldas da Rainha;1601.8500000000001;208.0
2024;1;1204;Campo Maior;194.62;19.0
2024;1;602;Cantanhede;395.26;106.0
2024;1;1205;Castelo de Vide;35.260000000000005;10.0
2024;1;1803;Castro Daire;204.83999999999997;63.0
2024;1;804;Castro Marim;101.22;26.0
2024;1;305;Celorico de Basto;317.32;92.0
2024;1;1407;Chamusca;182.13;34.0
2024;1;1804;Cinfães;73.23;40.0
2024;1;308;Guimarães;4248.59;425.0
2024;1;807;Lagos;495.6;99.0
2024;1;808;Loulé;1175.89;212.0
2024;1;1108;Lourinhã;550.3599999999999;121.0
2024;1;1305;Lousada;730.78;108.0
2024;1;111;Mealhada;201.86;39.0
2024;1;1603;Melgaço;122.6;17.0
2024;1;809;Monchique;47.19;12.0
2024;1;1211;Monforte;21.2;5.0
2024;1;610;Montemor-o-Velho;239.97000000000003;50.0
2024;1;1604;Monção;407.65999999999997;57.0
2024;1;210;Moura;523.27;41.0
2024;1;1707;Murça;44.07;34.0
2024;1;1809;Nelas;621.15;49.0
2024;1;611;Oliveira do Hospital;496.18000000000006;48.0
2024;1;1310;Paredes;1563.83;157.0
2024;1;1605;Paredes de Coura;179.76999999999998;22.0
2024;1;1309;Paços de Ferreira;1450.0900000000001;133.0
2024;1;1311;Penafiel;1277.0300000000002;195.0
2024;1;1708;Peso da Régua;159.88;39.0
2024;1;1015;Pombal;1667.05;182.0
2024;1;1213;Ponte de Sôr;151.51999999999998;42.0
2024;1;1214;Portalegre;282.99;39.0
2024;1;709;Portel;154.64999999999998;16.0
2024;1;1313;Póvoa de Varzim;702.39;167.0
2024;1;1813;Resende;93.91999999999999;35.0
2024;1;911;Sabugal;67.67;25.0
2024;1;1415;Salvaterra de Magos;472.76;118.0
2024;1;109;Santa Maria da Feira;3406.57;291.0
2024;1;213;Serpa;293.78999999999996;41.0
2024;1;1512;Setúbal;1375.0;198.0
2024;1;813;Silves;557.83;112.0
2024;1;1111;Sintra;4524.75;391.0
2024;1;615;Soure;65.58;36.0
2024;1;116;São João da Madeira;269.84000000000003;18.0
2024;1;1815;São João da Pesqueira;162.79;24.0
2024;1;1819;Tabuaço;44.0;20.0
2024;1;1419;Torres Novas;803.8100000000001;153.0
2024;1;1113;Torres Vedras;1857.76;222.0
2024;1;118;Vagos;1077.07;83.0
2024;1;1608;Valença;269.69;39.0
2024;1;1712;Valpaços;257.68;67.0
2024;1;712;Vendas Novas;275.27;56.0
2024;1;214;Vidigueira;245.8;25.0
2024;1;312;Vila Nova de Famalicão;2989.96;320.0
2024;1;914;Vila Nova de Foz Côa;50.440000000000005;16.0
2024;1;617;Vila Nova de Poiares;169.25;39.0
2024;1;1713;Vila Pouca de Aguiar;241.42;51.0
2024;1;816;Vila Real de Santo António;181.08999999999997;31.0
2024;1;511;Vila Velha de Rodão;41.93;19.0
2024;1;815;Vila do Bispo;98.59;28.0
2024;1;1824;Vouzela;386.39;79.0
2024;1;101;Águeda;1727.83;134.0
2024;1;1012;Óbidos;241.01;91.0
2023;2;1702;Boticas;13.64;5.0
2023;2;602;Cantanhede;1382.59;108.0
2023;2;1207;Elvas;98.3;24.0
2023;2;108;Estarreja;160.82999999999998;62.0
2023;2;904;Figueira de Castelo Rodrigo;41.2;15.0
2023;2;1304;Gondomar;542.8599999999999;124.0
2023;2;1505;Grândola;83.14;24.0
2023;2;505;Idanha-a-Nova;74.75999999999999;17.0
2023;2;808;Loulé;707.3800000000001;136.0
2023;2;1107;Loures;667.3499999999999;132.0
2023;2;1414;Rio Maior;119.85;49.0
2023;2;911;Sabugal;69.39;20.0
2023;2;1814;Santa Comba Dão;71.02000000000001;30.0
2023;2;1416;Santarém;695.0999999999999;118.0
2023;2;1314;Santo Tirso;461.52;100.0
2023;2;912;Seia;65.97;32.0
2023;2;1510;Seixal;1221.78;217.0
2023;2;1818;Sernancelhe;58.58;11.0
2023;2;813;Silves;276.31;85.0
2023;2;1112;Sobral de Monte Agraço;28.630000000000003;13.0
2023;2;812;São Brás de Alportel;82.03999999999999;29.0
2023;2;116;São João da Madeira;297.46000000000004;11.0
2023;2;1816;São Pedro do Sul;136.39999999999998;53.0
2023;2;814;Tavira;256.85;65.0
2023;2;310;Terras do Bouro;31.68;12.0
2023;2;409;Torre de Moncorvo;30.46;12.0
2023;2;1419;Torres Novas;681.1299999999999;98.0
2023;2;119;Vale de Cambra;273.98;48.0
2023;2;713;Viana do Alentejo;48.089999999999996;14.0
2023;2;214;Vidigueira;81.6;9.0
2023;2;1610;Vila Nova de Cerveira;211.2;30.0
2023;2;312;Vila Nova de Famalicão;1438.64;224.0
2023;2;914;Vila Nova de Foz Côa;153.25;10.0
2023;2;617;Vila Nova de Poiares;26.11;18.0
2023;2;816;Vila Real de Santo António;30.43;13.0
2023;2;511;Vila Velha de Rodão;29.75;16.0
2023;2;714;Vila Viçosa;26.189999999999998;8.0
2023;2;412;Vinhais;48.58;15.0
2023;2;101;Águeda;1070.7800000000002;88.0
2024;1;801;Albufeira;1110.65;144.0
2024;1;1402;Alcanena;384.87;46.0
2024;1;1503;Almada;821.4200000000001;270.0
2024;1;202;Almodôvar;81.47999999999999;13.0
2024;1;1201;Alter do Chão;185.31;9.0
2024;1;1002;Alvaiázere;104.86;21.0
2024;1;1802;Carregal do Sal;1130.08;42.0
2024;1;1007;Castanheira de Pêra;6.6;3.0
2024;1;502;Castelo Branco;1507.69;149.0
2024;1;1409;Coruche;951.1500000000001;89.0
2024;1;207;Cuba;159.36;8.0
2024;1;1410;Entroncamento;221.2;28.0
2024;1;108;Estarreja;840.51;70.0
2024;1;307;Fafe;491.51;137.0
2024;1;805;Faro;699.8;130.0
2024;1;208;Ferreira do Alentejo;191.98000000000002;24.0
2024;1;1411;Ferreira do Zêzere;90.46;31.0
2024;1;605;Figueira da Foz;942.1600000000001;142.0
2024;1;504;Fundão;353.01;78.0
2024;1;907;Guarda;398.50999999999993;77.0
2021;2;102;Albergaria-a-Velha;178.49;62.0
2021;2;1502;Alcochete;73.30000000000001;43.0
2021;2;203;Alvito;7.7;7.0
2021;2;1115;Amadora;237.24;46.0
2021;2;1301;Amarante;357.78;93.0
2021;2;1801;Armamar;257.47;15.0
2021;2;1202;Arronches;28.019999999999996;7.0
2021;2;1203;Avis;9.340000000000002;8.0
2021;2;1004;Batalha;1486.0900000000001;54.0
2021;2;501;Belmonte;18.209999999999997;16.0
2021;2;503;Covilhã;1207.6;123.0
2021;2;805;Faro;268.42999999999995;127.0
2021;2;1303;Felgueiras;675.04;162.0
2021;2;904;Figueira de Castelo Rodrigo;31.25;13.0
2021;2;905;Fornos de Algodres;2.9;4.0
2021;2;1208;Fronteira;15.5;10.0
2021;2;907;Guarda;235.84999999999997;103.0
2021;2;1305;Lousada;313.94000000000005;175.0
2021;2;1806;Mangualde;101.83000000000001;51.0
2021;2;908;Manteigas;1.18;2.0
2021;2;1010;Marinha Grande;709.1700000000001;151.0
2021;2;1413;Mação;30.06;32.0
2021;2;1603;Melgaço;43.10000000000001;17.0
2021;2;608;Mira;125.08999999999999;62.0
2021;2;1211;Monforte;18.52;6.0
2021;2;610;Montemor-o-Velho;112.16999999999999;81.0
2021;2;1809;Nelas;57.230000000000004;33.0
2021;2;506;Oleiros;20.4;13.0
2021;2;810;Olhão;171.92;87.0
2021;2;113;Oliveira de Azeméis;404.58000000000004;140.0
2021;2;1508;Palmela;1110.69;317.0
2021;2;1310;Paredes;1118.46;119.0
2021;2;1708;Peso da Régua;53.3;12.0
2021;2;910;Pinhel;128.43;47.0
2021;2;1214;Portalegre;983.99;67.0
2021;2;508;Proença-a-Nova;45.160000000000004;26.0
2021;2;711;Reguengos de Monsaraz;60.91;36.0
2021;2;1414;Rio Maior;973.2799999999999;65.0
2021;2;1509;Santiago do Cacém;1128.8199999999997;101.0
2021;2;1417;Sardoal;24.75;15.0
2021;2;1816;São Pedro do Sul;114.5;41.0
2021;2;1819;Tabuaço;3.6799999999999997;4.0
2021;2;1419;Torres Novas;406.49;104.0
2021;2;118;Vagos;343.76;93.0
2021;2;119;Vale de Cambra;71.42;32.0
2021;2;712;Vendas Novas;87.15;46.0
2021;2;411;Vimioso;19.08;28.0
2021;2;705;Évora;1222.3700000000001;208.0
2022;1;1401;Abrantes;1285.44;124.0
2022;1;701;Alandroal;21.87;18.0
2022;1;1201;Alter do Chão;32.72;6.0
2022;1;1601;Arcos de Valdevez;123.4;75.0
2022;1;1801;Armamar;58.269999999999996;14.0
2022;1;1204;Campo Maior;55.91000000000001;22.0
2022;1;1105;Cascais;1639.4899999999998;482.0
2022;1;1007;Castanheira de Pêra;17.25;7.0
2022;1;804;Castro Marim;41.19;23.0
2022;1;305;Celorico de Basto;240.48;37.0
2022;1;603;Coimbra;1502.1999999999998;499.0
2022;1;1409;Coruche;1004.21;64.0
2022;1;207;Cuba;119.46;16.0
2022;1;1207;Elvas;34.11;23.0
2022;1;605;Figueira da Foz;1301.05;177.0
2022;1;905;Fornos de Algodres;20.700000000000003;8.0
2022;1;404;Freixo de Espada à Cinta;89.52999999999999;7.0
2022;1;1505;Grândola;160.5;50.0
2022;1;907;Guarda;255.53;88.0
2022;1;1805;Lamego;237.92000000000002;47.0
2022;1;1009;Leiria;2736.4300000000003;612.0
2022;1;908;Manteigas;19.439999999999998;8.0
2022;1;408;Mogadouro;85.52;20.0
2022;1;809;Monchique;22.45;9.0
2022;1;1705;Mondim de Basto;16.55;11.0
2022;1;1211;Monforte;8.85;9.0
2022;1;706;Montemor-o-Novo;391.71999999999997;83.0
2022;1;1212;Nisa;88.10999999999999;23.0
2022;1;1110;Oeiras;1578.5500000000002;282.0
2022;1;113;Oliveira de Azeméis;1644.52;144.0
2022;1;611;Oliveira do Hospital;199.49;83.0
2022;1;212;Ourique;52.519999999999996;30.0
2022;1;115;Ovar;546.5899999999999;174.0
2022;1;1607;Ponte de Lima;428.83;84.0
2022;1;1213;Ponte de Sôr;131.57999999999998;70.0
2021;2;801;Albufeira;532.73;123.0
2021;2;1402;Alcanena;219.13;33.0
2021;2;802;Alcoutim;0.6;1.0
2021;2;1501;Alcácer do Sal;167.6;40.0
2021;2;1403;Almeirim;132.29000000000002;53.0
2021;2;202;Almodôvar;19.87;12.0
2021;2;1404;Alpiarça;1199.6499999999999;22.0
2021;2;1002;Alvaiázere;17.96;11.0
2021;2;1005;Bombarral;131.07;24.0
2021;2;1702;Boticas;56.50000000000001;13.0
2021;2;1007;Castanheira de Pêra;9.629999999999999;9.0
2021;2;1205;Castelo de Vide;10.67;7.0
2021;2;804;Castro Marim;37.589999999999996;30.0
2021;2;903;Celorico da Beira;114.42999999999999;25.0
2021;2;1409;Coruche;206.94000000000003;60.0
2021;2;806;Lagoa (Algarve);240.56;67.0
2021;2;1108;Lourinhã;320.75;75.0
2021;2;406;Miranda do Douro;50.1;14.0
2021;2;407;Mirandela;83.76;37.0
2021;2;1807;Moimenta da Beira;244.32000000000002;24.0
2021;2;1506;Moita;161.68;89.0
2021;2;1810;Oliveira de Frades;111.05000000000001;41.0
2021;2;611;Oliveira do Hospital;396.03000000000003;38.0
2021;2;1605;Paredes de Coura;26.609999999999996;13.0
2021;2;1311;Penafiel;516.6199999999999;115.0
2021;2;1811;Penalva do Castelo;81.8;9.0
2021;2;1812;Penedono;12.28;6.0
2021;2;614;Penela;33.19;19.0
2021;2;1710;Sabrosa;10.399999999999999;8.0
2021;2;1415;Salvaterra de Magos;259.64;92.0
2021;2;1711;Santa Marta de Penaguião;224.78;10.0
2021;2;1416;Santarém;350.55;146.0
2021;2;1510;Seixal;725.59;414.0
2021;2;213;Serpa;50.61;20.0
2021;2;1817;Sátão;61.150000000000006;49.0
2021;2;1815;São João da Pesqueira;10.84;10.0
2021;2;311;Vieira do Minho;84.00999999999999;23.0
2021;2;410;Vila Flor;9.59;10.0
2021;2;1610;Vila Nova de Cerveira;29.849999999999998;18.0
2021;2;816;Vila Real de Santo António;51.61;25.0
2021;2;313;Vila Verde;393.28999999999996;220.0
2021;2;714;Vila Viçosa;11.42;3.0
2022;1;801;Albufeira;374.88;125.0
2022;1;1502;Alcochete;145.8;65.0
2022;1;401;Alfândega da Fé;21.33;11.0
2022;1;1403;Almeirim;258.98;63.0
2022;1;202;Almodôvar;8.53;7.0
2022;1;1404;Alpiarça;134.32;20.0
2022;1;103;Anadia;286.44000000000005;122.0
2022;1;702;Arraiolos;79.25999999999999;49.0
2022;1;1202;Arronches;8.05;6.0
2022;1;302;Barcelos;2578.8599999999997;523.0
2022;1;501;Belmonte;30.14;19.0
2022;1;1104;Cadaval;125.06000000000002;47.0
2022;1;1602;Caminha;122.21;64.0
2022;1;107;Espinho;131.34999999999997;64.0
2022;1;108;Estarreja;1056.52;100.0
2022;1;704;Estremoz;144.45;29.0
2022;1;208;Ferreira do Alentejo;149.44;17.0
2022;1;1108;Lourinhã;178.92000000000002;82.0
2022;1;1305;Lousada;607.1700000000001;243.0
2022;1;1109;Mafra;888.26;321.0
2022;1;1806;Mangualde;414.81000000000006;64.0
2022;1;1210;Marvão;40.650000000000006;15.0
2022;1;407;Mirandela;124.03999999999999;36.0
2022;1;610;Montemor-o-Velho;243.67;98.0
2022;1;707;Mora;30.92;23.0
2022;1;210;Moura;105.67999999999999;21.0
2022;1;1508;Palmela;940.7999999999998;288.0
2022;1;613;Penacova;162.88;73.0
2022;1;1311;Penafiel;740.3599999999999;186.0
2022;1;1812;Penedono;14.909999999999998;10.0
2022;1;1708;Peso da Régua;28.609999999999996;19.0
2022;1;709;Portel;12.31;11.0
2022;1;1016;Porto de Mós;2053.25;81.0
2022;1;309;Póvoa de Lanhoso;122.61;87.0
2022;1;1813;Resende;27.53;25.0
2022;1;1414;Rio Maior;277.26;94.0
2022;1;1415;Salvaterra de Magos;388.14;153.0
2022;1;1509;Santiago do Cacém;186.55;124.0
2022;1;912;Seia;252.25;166.0
2022;1;1510;Seixal;1031.87;536.0
2022;1;1818;Sernancelhe;55.480000000000004;10.0
2022;1;213;Serpa;193.39000000000001;23.0
2022;1;509;Sertã;109.69999999999999;37.0
2022;1;1111;Sintra;2419.58;489.0
2022;1;812;São Brás de Alportel;107.38;33.0
2022;1;1816;São Pedro do Sul;149.26999999999998;57.0
2022;1;1819;Tabuaço;18.63;14.0
2022;1;814;Tavira;214.82;61.0
2022;1;1821;Tondela;305.34000000000003;120.0
2022;1;1419;Torres Novas;347.09000000000003;165.0
2022;1;1113;Torres Vedras;1804.5000000000002;262.0
2022;1;119;Vale de Cambra;509.44999999999993;41.0
2022;1;1608;Valença;50.68;24.0
2022;1;1712;Valpaços;131.37;87.0
2022;1;712;Vendas Novas;284.57000000000005;61.0
2022;1;214;Vidigueira;83.82;7.0
2022;1;410;Vila Flor;311.03;8.0
2022;1;1610;Vila Nova de Cerveira;88.85;25.0
2022;1;312;Vila Nova de Famalicão;2458.3599999999997;537.0
2022;1;914;Vila Nova de Foz Côa;121.44;15.0
2022;1;1822;Vila Nova de Paiva;139.42;35.0
2022;1;510;Vila de Rei;112.03;4.0
2022;1;815;Vila do Bispo;49.109999999999985;18.0
2022;1;1823;Viseu;1253.5699999999997;403.0
2022;1;314;Vizela;381.84000000000003;132.0
2022;1;101;Águeda;1431.4;254.0
2022;1;705;Évora;333.32;120.0
2022;2;1401;Abrantes;150.78;97.0
2022;2;701;Alandroal;82.56;31.0
2022;2;1001;Alcobaça;2017.2500000000002;223.0
2022;2;1101;Alenquer;407.39;127.0
2022;2;401;Alfândega da Fé;158.76;14.0
2022;2;201;Aljustrel;184.2;27.0
2022;2;902;Almeida;60.14999999999999;20.0
2022;2;1403;Almeirim;1213.41;62.0
2022;2;1404;Alpiarça;82.53;25.0
2022;2;1002;Alvaiázere;59.17;15.0
2022;2;203;Alvito;5.15;4.0
2022;2;1115;Amadora;146.57999999999998;44.0
2022;2;103;Anadia;1753.92;154.0
2022;2;1601;Arcos de Valdevez;82.81;70.0
2022;2;1801;Armamar;134.84;33.0
2022;2;1103;Azambuja;394.28;56.0
2022;2;204;Barrancos;1.16;2.0
2022;2;1504;Barreiro;871.2;82.0
2022;2;1004;Batalha;416.24999999999994;63.0
2022;2;205;Beja;349.06;60.0
2022;2;304;Cabeceiras de Basto;157.70000000000002;76.0
2022;2;1204;Campo Maior;35.66;15.0
2022;2;1802;Carregal do Sal;346.19999999999993;42.0
2022;2;1007;Castanheira de Pêra;26.209999999999997;23.0
2022;2;106;Castelo de Paiva;289.79999999999995;144.0
2022;2;1205;Castelo de Vide;10.75;6.0
2022;2;305;Celorico de Basto;492.59999999999997;98.0
2022;2;603;Coimbra;1041.26;421.0
2022;2;604;Condeixa-a-Nova;127.46000000000001;55.0
2022;2;207;Cuba;59.71;12.0
2022;2;1410;Entroncamento;146.48000000000002;56.0
2022;2;307;Fafe;939.8399999999999;324.0
2022;2;805;Faro;501.62;139.0
2022;2;904;Figueira de Castelo Rodrigo;45.739999999999995;19.0
2022;2;1008;Figueiró dos Vinhos;41.78;16.0
2022;2;905;Fornos de Algodres;74.85;20.0
2022;2;906;Gouveia;67.66999999999999;39.0
2022;2;1505;Grândola;246.91999999999996;74.0
2022;2;308;Guimarães;5048.620000000002;727.0
2022;2;606;Góis;16.78;17.0
2022;2;505;Idanha-a-Nova;58.730000000000004;27.0
2022;2;806;Lagoa (Algarve);479.34000000000003;113.0
2022;2;1106;Lisboa;1050.9500000000003;143.0
2022;2;808;Loulé;1110.06;191.0
2022;2;1108;Lourinhã;375.15;92.0
2022;2;1109;Mafra;1340.45;314.0
2022;2;1307;Marco de Canaveses;328.39;137.0
2022;2;1413;Mação;318.14000000000004;31.0
2022;2;909;Meda;69.57;11.0
2022;2;1603;Melgaço;16.53;11.0
2022;2;1704;Mesão Frio;13.669999999999998;7.0
2022;2;609;Miranda do Corvo;69.69;48.0
2022;2;406;Miranda do Douro;20.22;10.0
2022;2;408;Mogadouro;33.1;18.0
2022;2;809;Monchique;46.01;11.0
2022;2;1211;Monforte;122.99000000000001;5.0
2022;2;1706;Montalegre;38.92999999999999;20.0
2022;2;610;Montemor-o-Velho;362.37;88.0
2022;2;1604;Monção;350.3;41.0
2022;2;209;Mértola;45.339999999999996;13.0
2022;2;506;Oleiros;163.79;24.0
2022;2;612;Pampilhosa da Serra;10.280000000000001;11.0
2022;2;1310;Paredes;1984.03;291.0
2022;2;1013;Pedrogão Grande;32.269999999999996;20.0
2022;2;1311;Penafiel;625.42;267.0
2022;2;1812;Penedono;9.88;6.0
2022;2;1708;Peso da Régua;76.51;34.0
2022;2;910;Pinhel;67.95;17.0
2022;2;1015;Pombal;1115.72;201.0
2022;2;1214;Portalegre;127.34;57.0
2022;2;811;Portimão;525.85;106.0
2022;2;1312;Porto;791.01;176.0
2022;2;1016;Porto de Mós;1203.1000000000001;82.0
2022;2;508;Proença-a-Nova;113.19;50.0
2022;2;1813;Resende;179.30999999999997;41.0
2022;2;911;Sabugal;60.480000000000004;31.0
2022;2;1314;Santo Tirso;1943.14;317.0
2022;2;1510;Seixal;1064.82;543.0
2022;2;1818;Sernancelhe;86.13;25.0
2022;2;813;Silves;799.5799999999999;134.0
2022;2;812;São Brás de Alportel;186.64000000000001;56.0
2022;2;116;São João da Madeira;430.35;33.0
2022;2;1815;São João da Pesqueira;251.77000000000004;27.0
2022;2;1816;São Pedro do Sul;205.94;57.0
2022;2;1820;Tarouca;40.81;25.0
2022;2;814;Tavira;248.51;82.0
2022;2;310;Terras do Bouro;59.190000000000005;31.0
2022;2;118;Vagos;867.03;121.0
2022;2;1712;Valpaços;198.41000000000003;112.0
2022;2;712;Vendas Novas;394.45;50.0
2022;2;311;Vieira do Minho;65.69;46.0
2022;2;410;Vila Flor;29.490000000000002;12.0
2022;2;914;Vila Nova de Foz Côa;19.4;9.0
2022;2;617;Vila Nova de Poiares;144.59;73.0
2022;2;411;Vimioso;34.01;16.0
2023;1;701;Alandroal;151.52999999999997;27.0
2023;1;1402;Alcanena;90.8;60.0
2023;1;1001;Alcobaça;1358.36;295.0
2023;1;1701;Alijó;217.15000000000003;64.0
2023;1;202;Almodôvar;72.58;20.0
2023;1;1301;Amarante;534.55;246.0
2023;1;1003;Ansião;132.3;40.0
2023;1;302;Barcelos;2266.5599999999995;818.0
2023;1;1504;Barreiro;154.57999999999998;88.0
2023;1;205;Beja;843.3299999999999;111.0
2023;1;501;Belmonte;60.68;39.0
2023;1;402;Bragança;482.39;180.0
2023;1;304;Cabeceiras de Basto;188.43999999999997;48.0
2023;1;1104;Cadaval;138.97;75.0
2023;1;403;Carrazeda de Ansiães;37.18;20.0
2023;1;1406;Cartaxo;384.37;89.0
2023;1;502;Castelo Branco;1001.3000000000001;278.0
2023;1;903;Celorico da Beira;78.8;30.0
2023;1;1703;Chaves;430.6;214.0
2023;1;1804;Cinfães;101.66;48.0
2023;1;503;Covilhã;388.85;216.0
2023;1;1410;Entroncamento;94.06;67.0
2023;1;107;Espinho;132.54;50.0
2023;1;307;Fafe;544.77;210.0
2023;1;1411;Ferreira do Zêzere;127.30000000000001;31.0
2023;1;905;Fornos de Algodres;32.449999999999996;18.0
2023;1;504;Fundão;349.17999999999995;103.0
2023;1;1209;Gavião;27.449999999999996;15.0
2023;1;906;Gouveia;97.95;43.0
2023;1;606;Góis;23.93;22.0
2023;1;807;Lagos;1046.21;186.0
2023;1;1009;Leiria;4042.3999999999996;774.0
2023;1;1108;Lourinhã;514.17;186.0
2023;1;405;Macedo de Cavaleiros;318.69000000000005;95.0
2023;1;908;Manteigas;3.3;2.0
2023;1;1307;Marco de Canaveses;743.5999999999999;220.0
2023;1;1010;Marinha Grande;1315.21;188.0
2023;1;1308;Matosinhos;788.0;363.0
2023;1;111;Mealhada;582.74;99.0
2023;1;1704;Mesão Frio;5.8100000000000005;10.0
2023;1;406;Miranda do Douro;200.19;26.0
2023;1;407;Mirandela;219.61;103.0
2023;1;1807;Moimenta da Beira;893.33;54.0
2023;1;809;Monchique;101.5;23.0
2023;1;1706;Montalegre;55.56;34.0
2023;1;706;Montemor-o-Novo;155.47;50.0
2023;1;610;Montemor-o-Velho;332.09000000000003;123.0
2023;1;210;Moura;373.01;43.0
2023;1;112;Murtosa;108.34;47.0
2023;1;1011;Nazaré;232.33999999999997;55.0
2023;1;1212;Nisa;30.740000000000002;24.0
2023;1;810;Olhão;439.02;157.0
2023;1;113;Oliveira de Azeméis;1385.45;234.0
2023;1;1810;Oliveira de Frades;277.03999999999996;67.0
